first_name,last_name,full_name,email,phone,date_of_birth,age,gender,street_address,city,state,zip_code,full_address,created_date
Mark,Price,Mark Price,markprice@gmail.com,(620) 975-1191,1989-08-09,36,Male,"577 Lake View Drive, Apt 348",Baltimore,MD,66664,"577 Lake View Drive, Apt 348, Baltimore, MD 66664",2025-11-05 17:47:32
Jessica,Ruiz,Jessica Ruiz,jessica.ruiz63@gmail.com,(909) 679-5010,1971-07-11,54,Female,9770 College Avenue,Seattle,WA,65797,"9770 College Avenue, Seattle, WA 65797",2025-11-05 17:47:32
Zachary,Anderson,Zachary Anderson,zacharyanderson@gmail.com,(702) 716-2611,1957-02-20,68,Male,5610 Lake View Drive,Charlotte,NC,74291,"5610 Lake View Drive, Charlotte, NC 74291",2025-11-05 17:47:32
Steven,Evans,Steven Evans,steven.evans72@gmail.com,(843) 908-6908,1985-12-18,40,Male,1035 Church Street,Tampa,FL,48725,"1035 Church Street, Tampa, FL 48725",2025-11-05 17:47:32
Janet,Cooper,Janet Cooper,jcooper@gmail.com,(802) 850-7723,1987-04-29,38,Female,8825 Pine Street,Aurora,CO,97117,"8825 Pine Street, Aurora, CO 97117",2025-11-05 17:47:32
Richard,Rodriguez,Richard Rodriguez,richard.rodriguez80@gmail.com,(662) 372-7805,1994-09-17,31,Male,2318 Mill Road,Mesa,AZ,11023,"2318 Mill Road, Mesa, AZ 11023",2025-11-05 17:47:32
Elizabeth,King,Elizabeth King,elizabethking@gmail.com,(848) 571-7747,1953-09-21,72,Female,4730 State Street,San Francisco,CA,61620,"4730 State Street, San Francisco, CA 61620",2025-11-05 17:47:32
Michael,Flores,Michael Flores,mflores@gmail.com,(347) 465-8181,1969-03-17,56,Male,"735 Hill Road, Apt 253",Corpus Christi,TX,68029,"735 Hill Road, Apt 253, Corpus Christi, TX 68029",2025-11-05 17:47:32
Brian,Ward,Brian Ward,brian543@gmail.com,(321) 575-1409,1953-03-02,72,Male,6819 River Road,Dallas,TX,52136,"6819 River Road, Dallas, TX 52136",2025-11-05 17:47:32
Adam,Howard,Adam Howard,adamhoward@gmail.com,(915) 377-1946,1951-04-19,74,Male,2108 Park Road,Nashville,TN,21356,"2108 Park Road, Nashville, TN 21356",2025-11-05 17:47:32
Kenneth,Gray,Kenneth Gray,kenneth321@gmail.com,(239) 212-8063,1996-05-14,29,Male,5646 River Road,Portland,OR,51789,"5646 River Road, Portland, OR 51789",2025-11-05 17:47:32
Patricia,Scott,Patricia Scott,patricia_scott@gmail.com,(931) 902-4209,1970-05-02,55,Female,632 River Road,Bakersfield,CA,93394,"632 River Road, Bakersfield, CA 93394",2025-11-05 17:47:32
George,Wright,George Wright,georgewright@gmail.com,(979) 894-7082,1953-09-06,72,Male,"3284 Forest Drive, Apt 113",Philadelphia,PA,74100,"3284 Forest Drive, Apt 113, Philadelphia, PA 74100",2025-11-05 17:47:32
Julie,Rivera,Julie Rivera,julier@gmail.com,(402) 461-9306,1952-02-18,73,Female,5714 Cherry Street,Fort Worth,TX,22345,"5714 Cherry Street, Fort Worth, TX 22345",2025-11-05 17:47:32
Jessica,Ortiz,Jessica Ortiz,jessicaortiz93@gmail.com,(781) 444-4347,1993-01-15,32,Female,5939 Mill Road,Minneapolis,MN,13965,"5939 Mill Road, Minneapolis, MN 13965",2025-11-05 17:47:32
John,Morris,John Morris,john.morris19@gmail.com,(419) 593-4354,2002-03-25,23,Male,9991 Spring Street,Las Vegas,NV,41394,"9991 Spring Street, Las Vegas, NV 41394",2025-11-05 17:47:32
Pamela,Rodriguez,Pamela Rodriguez,pamela526@gmail.com,(623) 728-2905,1987-08-14,38,Female,"4028 Central Avenue, Apt 437",Louisville,KY,59648,"4028 Central Avenue, Apt 437, Louisville, KY 59648",2025-11-05 17:47:32
Ashley,Lee,Ashley Lee,ashleyl@gmail.com,(616) 352-4682,1967-12-10,58,Female,4240 Elm Avenue,New York,NY,98927,"4240 Elm Avenue, New York, NY 98927",2025-11-05 17:47:32
Diane,Diaz,Diane Diaz,diane_diaz@gmail.com,(878) 885-8170,1992-06-19,33,Female,4304 Cherry Street,Tucson,AZ,10868,"4304 Cherry Street, Tucson, AZ 10868",2025-11-05 17:47:32
Brian,Long,Brian Long,brian.long98@gmail.com,(612) 311-1456,1963-02-08,62,Male,"4874 Maple Drive, Apt 158",Bakersfield,CA,34330,"4874 Maple Drive, Apt 158, Bakersfield, CA 34330",2025-11-05 17:47:32
Shirley,Watson,Shirley Watson,shirleyw@gmail.com,(972) 381-2080,1996-03-26,29,Female,2312 Lincoln Avenue,Bakersfield,CA,73690,"2312 Lincoln Avenue, Bakersfield, CA 73690",2025-11-05 17:47:32
Scott,Mitchell,Scott Mitchell,scott579@gmail.com,(831) 316-8924,1970-09-10,55,Male,"6432 Maple Drive, Apt 206",Phoenix,AZ,61458,"6432 Maple Drive, Apt 206, Phoenix, AZ 61458",2025-11-05 17:47:32
Raymond,Howard,Raymond Howard,raymond538@gmail.com,(601) 594-5292,2000-07-17,25,Male,1066 Dogwood Lane,Miami,FL,86591,"1066 Dogwood Lane, Miami, FL 86591",2025-11-05 17:47:32
Brian,Chavez,Brian Chavez,brian.chavez@gmail.com,(351) 369-8505,2007-07-24,18,Male,"7969 Willow Drive, Apt 390",Houston,TX,78228,"7969 Willow Drive, Apt 390, Houston, TX 78228",2025-11-05 17:47:32
Ryan,Ortiz,Ryan Ortiz,ryan.ortiz29@gmail.com,(423) 861-7174,2001-05-28,24,Male,1163 Dogwood Lane,Baltimore,MD,87379,"1163 Dogwood Lane, Baltimore, MD 87379",2025-11-05 17:47:32
Scott,Morgan,Scott Morgan,smorgan@gmail.com,(503) 755-1719,1995-11-20,30,Male,"1739 Valley Drive, Apt 97",Austin,TX,10176,"1739 Valley Drive, Apt 97, Austin, TX 10176",2025-11-05 17:47:32
Adam,Baker,Adam Baker,adam.baker@gmail.com,(737) 707-9008,1956-11-03,69,Male,7188 Birch Lane,Long Beach,CA,10562,"7188 Birch Lane, Long Beach, CA 10562",2025-11-05 17:47:32
Brian,Patel,Brian Patel,brianp@gmail.com,(803) 512-7119,1976-01-08,49,Male,"6342 Dogwood Lane, Apt 402",Portland,OR,99491,"6342 Dogwood Lane, Apt 402, Portland, OR 99491",2025-11-05 17:47:32
Matthew,Evans,Matthew Evans,matthew_evans@gmail.com,(662) 447-7956,1974-08-13,51,Male,"2153 Oak Avenue, Apt 23",Miami,FL,60596,"2153 Oak Avenue, Apt 23, Miami, FL 60596",2025-11-05 17:47:32
Barbara,Alvarez,Barbara Alvarez,barbara_alvarez@gmail.com,(703) 427-5284,1980-10-24,45,Female,3583 Willow Drive,Los Angeles,CA,97991,"3583 Willow Drive, Los Angeles, CA 97991",2025-11-05 17:47:32
Eric,Hughes,Eric Hughes,erich@gmail.com,(708) 851-3047,2000-07-06,25,Male,6130 Hill Road,Dallas,TX,18826,"6130 Hill Road, Dallas, TX 18826",2025-11-05 17:47:32
Justin,Green,Justin Green,justin_green@gmail.com,(806) 746-5291,1951-10-16,74,Male,4478 Walnut Street,Seattle,WA,75910,"4478 Walnut Street, Seattle, WA 75910",2025-11-05 17:47:32
Catherine,Mitchell,Catherine Mitchell,catherinemitchell@gmail.com,(775) 401-4745,1971-12-07,54,Female,3321 Hill Road,Nashville,TN,45231,"3321 Hill Road, Nashville, TN 45231",2025-11-05 17:47:32
Jose,Watson,Jose Watson,jose_watson@gmail.com,(828) 953-7781,1961-10-13,64,Male,7835 Elm Avenue,Nashville,TN,10824,"7835 Elm Avenue, Nashville, TN 10824",2025-11-05 17:47:32
George,Cook,George Cook,george.cook@gmail.com,(984) 468-3282,1976-08-20,49,Male,851 Third Avenue,Fresno,CA,69245,"851 Third Avenue, Fresno, CA 69245",2025-11-05 17:47:32
Benjamin,Hernandez,Benjamin Hernandez,benjamin477@gmail.com,(575) 973-6931,1972-09-04,53,Male,9605 Grove Avenue,San Jose,CA,65178,"9605 Grove Avenue, San Jose, CA 65178",2025-11-05 17:47:32
Kimberly,Myers,Kimberly Myers,kimberly.myers93@gmail.com,(954) 706-5190,1961-05-31,64,Female,"174 Main Street, Apt 703",Jacksonville,FL,63907,"174 Main Street, Apt 703, Jacksonville, FL 63907",2025-11-05 17:47:32
George,Howard,George Howard,george666@gmail.com,(660) 547-4469,1979-07-15,46,Male,"5974 Colonial Drive, Apt 731",New York,NY,54488,"5974 Colonial Drive, Apt 731, New York, NY 54488",2025-11-05 17:47:32
Shirley,Sanders,Shirley Sanders,shirley189@gmail.com,(520) 987-2106,1981-10-27,44,Female,"6574 College Avenue, Apt 645",Tampa,FL,58713,"6574 College Avenue, Apt 645, Tampa, FL 58713",2025-11-05 17:47:32
Janet,Garcia,Janet Garcia,janet.garcia@gmail.com,(561) 844-3214,1976-02-01,49,Female,9935 Valley Drive,Portland,OR,29066,"9935 Valley Drive, Portland, OR 29066",2025-11-05 17:47:32
Jennifer,Wood,Jennifer Wood,jwood@gmail.com,(872) 666-8948,1964-04-07,61,Female,8457 Cedar Lane,Denver,CO,85283,"8457 Cedar Lane, Denver, CO 85283",2025-11-05 17:47:32
Nancy,Nelson,Nancy Nelson,nancyn@gmail.com,(505) 956-2363,1962-07-17,63,Female,9990 Oak Avenue,Anaheim,CA,42233,"9990 Oak Avenue, Anaheim, CA 42233",2025-11-05 17:47:32
Sandra,King,Sandra King,sandra443@gmail.com,(713) 221-8239,1964-01-29,61,Female,2047 Willow Drive,New York,NY,32300,"2047 Willow Drive, New York, NY 32300",2025-11-05 17:47:32
Raymond,Price,Raymond Price,rprice@gmail.com,(904) 359-9316,1983-10-15,42,Male,7660 Lake View Drive,San Francisco,CA,20880,"7660 Lake View Drive, San Francisco, CA 20880",2025-11-05 17:47:32
Mary,Hughes,Mary Hughes,mary_hughes@gmail.com,(765) 500-4240,1952-08-14,73,Female,"6401 Main Street, Apt 340",Houston,TX,63008,"6401 Main Street, Apt 340, Houston, TX 63008",2025-11-05 17:47:32
Nicholas,Gutierrez,Nicholas Gutierrez,nicholas.gutierrez@gmail.com,(706) 756-3650,1998-10-18,27,Male,"5735 Heritage Way, Apt 945",Dallas,TX,38705,"5735 Heritage Way, Apt 945, Dallas, TX 38705",2025-11-05 17:47:32
Mark,Robinson,Mark Robinson,markrobinson54@gmail.com,(913) 614-2945,1954-06-24,71,Male,7858 Maple Drive,Minneapolis,MN,39301,"7858 Maple Drive, Minneapolis, MN 39301",2025-11-05 17:47:32
Nathan,Johnson,Nathan Johnson,nathanjohnson67@gmail.com,(303) 531-1794,1967-01-26,58,Male,6719 Liberty Street,Seattle,WA,28713,"6719 Liberty Street, Seattle, WA 28713",2025-11-05 17:47:32
Frank,Richardson,Frank Richardson,frankrichardson@gmail.com,(859) 336-4696,1951-08-17,74,Male,4268 Liberty Street,Santa Ana,CA,67743,"4268 Liberty Street, Santa Ana, CA 67743",2025-11-05 17:47:32
Christopher,Perez,Christopher Perez,christopher.perez@gmail.com,(308) 386-4267,1980-10-06,45,Male,"441 Church Street, Apt 225",Houston,TX,23610,"441 Church Street, Apt 225, Houston, TX 23610",2025-11-05 17:47:32
Ashley,Ruiz,Ashley Ruiz,aruiz@gmail.com,(478) 804-3974,1989-06-24,36,Female,"9207 College Avenue, Apt 972",Fresno,CA,10867,"9207 College Avenue, Apt 972, Fresno, CA 10867",2025-11-05 17:47:32
Mary,Mitchell,Mary Mitchell,mmitchell@gmail.com,(401) 310-7401,1954-05-29,71,Female,5034 Grove Avenue,Louisville,KY,20739,"5034 Grove Avenue, Louisville, KY 20739",2025-11-05 17:47:32
Carolyn,Robinson,Carolyn Robinson,carolyn160@gmail.com,(970) 598-6535,1989-03-13,36,Female,9859 Church Street,Virginia Beach,VA,27041,"9859 Church Street, Virginia Beach, VA 27041",2025-11-05 17:47:32
Brandon,Kim,Brandon Kim,brandonkim81@gmail.com,(408) 286-7569,1981-07-01,44,Male,"8709 Hill Road, Apt 121",Los Angeles,CA,85838,"8709 Hill Road, Apt 121, Los Angeles, CA 85838",2025-11-05 17:47:32
Karen,Clark,Karen Clark,kclark@gmail.com,(303) 954-9166,1981-11-27,44,Female,8845 Lincoln Avenue,Philadelphia,PA,71452,"8845 Lincoln Avenue, Philadelphia, PA 71452",2025-11-05 17:47:32
Stephen,Ramirez,Stephen Ramirez,stephen.ramirez@gmail.com,(425) 951-7728,1994-02-25,31,Male,"6177 Lake View Drive, Apt 645",Albuquerque,NM,97349,"6177 Lake View Drive, Apt 645, Albuquerque, NM 97349",2025-11-05 17:47:32
Laura,Jones,Laura Jones,laurajones@gmail.com,(970) 853-5743,1986-01-09,39,Female,"4576 Jefferson Street, Apt 38",Milwaukee,WI,19773,"4576 Jefferson Street, Apt 38, Milwaukee, WI 19773",2025-11-05 17:47:32
Andrew,Gonzalez,Andrew Gonzalez,andrew_gonzalez@gmail.com,(240) 822-8494,1960-11-21,65,Male,6736 Central Avenue,New York,NY,23580,"6736 Central Avenue, New York, NY 23580",2025-11-05 17:47:32
Pamela,Evans,Pamela Evans,pamelaevans@gmail.com,(912) 293-7295,2004-06-07,21,Female,"8205 Cherry Street, Apt 211",Miami,FL,17043,"8205 Cherry Street, Apt 211, Miami, FL 17043",2025-11-05 17:47:32
Jose,Castillo,Jose Castillo,jose.castillo@gmail.com,(570) 652-2128,1978-07-28,47,Male,4248 State Street,Milwaukee,WI,60153,"4248 State Street, Milwaukee, WI 60153",2025-11-05 17:47:32
Angela,Gonzalez,Angela Gonzalez,angelag@gmail.com,(517) 906-4374,1955-09-12,70,Female,441 Willow Drive,Raleigh,NC,70535,"441 Willow Drive, Raleigh, NC 70535",2025-11-05 17:47:32
Sarah,Bennett,Sarah Bennett,sarahbennett@gmail.com,(305) 504-6354,1954-05-10,71,Female,"5847 Cherry Street, Apt 587",Chicago,IL,52008,"5847 Cherry Street, Apt 587, Chicago, IL 52008",2025-11-05 17:47:32
Aaron,Castillo,Aaron Castillo,aaron.castillo52@gmail.com,(682) 368-2388,1975-08-20,50,Male,8276 Mill Road,Tucson,AZ,74716,"8276 Mill Road, Tucson, AZ 74716",2025-11-05 17:47:32
Cynthia,Green,Cynthia Green,cynthiag@gmail.com,(234) 935-8304,1994-12-14,31,Female,2436 Oak Avenue,Kansas City,MO,74781,"2436 Oak Avenue, Kansas City, MO 74781",2025-11-05 17:47:32
Dorothy,Rivera,Dorothy Rivera,dorothy405@gmail.com,(430) 666-7413,1992-03-15,33,Female,5961 College Avenue,Fort Worth,TX,89562,"5961 College Avenue, Fort Worth, TX 89562",2025-11-05 17:47:32
Elizabeth,Bailey,Elizabeth Bailey,ebailey@gmail.com,(850) 993-8437,1989-04-09,36,Female,2315 Grove Avenue,Charlotte,NC,85363,"2315 Grove Avenue, Charlotte, NC 85363",2025-11-05 17:47:32
Amanda,Murphy,Amanda Murphy,amanda.murphy50@gmail.com,(636) 974-8786,1951-09-21,74,Female,1049 Madison Avenue,Austin,TX,60680,"1049 Madison Avenue, Austin, TX 60680",2025-11-05 17:47:32
Laura,Allen,Laura Allen,lauraallen74@gmail.com,(419) 434-1973,1974-07-16,51,Female,8698 Garden Street,Arlington,TX,41532,"8698 Garden Street, Arlington, TX 41532",2025-11-05 17:47:32
Sandra,Kelly,Sandra Kelly,sandra857@gmail.com,(708) 672-6153,1985-03-04,40,Female,953 Cedar Lane,Minneapolis,MN,99762,"953 Cedar Lane, Minneapolis, MN 99762",2025-11-05 17:47:32
Kenneth,Gomez,Kenneth Gomez,kenneth.gomez33@gmail.com,(318) 780-9967,1976-03-06,49,Male,9574 Meadow Lane,Oakland,CA,99571,"9574 Meadow Lane, Oakland, CA 99571",2025-11-05 17:47:32
Mark,Adams,Mark Adams,mark_adams@gmail.com,(563) 489-6986,1986-01-26,39,Male,8346 River Road,Charlotte,NC,21435,"8346 River Road, Charlotte, NC 21435",2025-11-05 17:47:32
Rebecca,Long,Rebecca Long,rebeccalong@gmail.com,(970) 950-9503,1985-01-15,40,Female,"1612 Madison Avenue, Apt 428",Bakersfield,CA,11342,"1612 Madison Avenue, Apt 428, Bakersfield, CA 11342",2025-11-05 17:47:32
Scott,Hill,Scott Hill,scotthill@gmail.com,(831) 920-1809,1994-04-18,31,Male,5400 College Avenue,Riverside,CA,45590,"5400 College Avenue, Riverside, CA 45590",2025-11-05 17:47:32
Christine,Peterson,Christine Peterson,christine_peterson@gmail.com,(803) 344-8139,1972-03-24,53,Female,"9605 Second Street, Apt 751",New York,NY,90122,"9605 Second Street, Apt 751, New York, NY 90122",2025-11-05 17:47:32
Donald,Johnson,Donald Johnson,donaldjohnson@gmail.com,(701) 564-5895,1963-08-03,62,Male,7103 Third Avenue,Philadelphia,PA,25735,"7103 Third Avenue, Philadelphia, PA 25735",2025-11-05 17:47:32
Carol,Clark,Carol Clark,carolclark@gmail.com,(732) 661-5659,2004-06-17,21,Female,"9176 Sunset Boulevard, Apt 804",Milwaukee,WI,72826,"9176 Sunset Boulevard, Apt 804, Milwaukee, WI 72826",2025-11-05 17:47:32
Rebecca,Patel,Rebecca Patel,rebeccapatel@gmail.com,(915) 733-4333,1977-10-18,48,Female,"5874 Forest Drive, Apt 711",Albuquerque,NM,42468,"5874 Forest Drive, Apt 711, Albuquerque, NM 42468",2025-11-05 17:47:32
Pamela,White,Pamela White,pamelawhite69@gmail.com,(574) 656-5502,1969-03-07,56,Female,691 College Avenue,Seattle,WA,73528,"691 College Avenue, Seattle, WA 73528",2025-11-05 17:47:32
Alexander,Stewart,Alexander Stewart,alexanderstewart@gmail.com,(806) 447-9418,1961-12-19,64,Male,5307 Mill Road,Phoenix,AZ,31794,"5307 Mill Road, Phoenix, AZ 31794",2025-11-05 17:47:32
George,Collins,George Collins,georgecollins0@gmail.com,(947) 386-7473,2000-11-20,25,Male,8183 Elm Avenue,Atlanta,GA,87078,"8183 Elm Avenue, Atlanta, GA 87078",2025-11-05 17:47:32
Thomas,Ortiz,Thomas Ortiz,tortiz@gmail.com,(971) 981-8846,1956-02-21,69,Male,6354 Madison Avenue,Philadelphia,PA,54669,"6354 Madison Avenue, Philadelphia, PA 54669",2025-11-05 17:47:32
Edward,Taylor,Edward Taylor,edward496@gmail.com,(618) 742-8081,1996-08-22,29,Male,4988 Grove Avenue,Phoenix,AZ,89446,"4988 Grove Avenue, Phoenix, AZ 89446",2025-11-05 17:47:32
Karen,Cox,Karen Cox,kcox@gmail.com,(330) 354-4333,1962-10-08,63,Female,4530 Lincoln Avenue,Virginia Beach,VA,24422,"4530 Lincoln Avenue, Virginia Beach, VA 24422",2025-11-05 17:47:32
Andrew,Cook,Andrew Cook,andrew.cook@gmail.com,(225) 312-6453,1953-02-27,72,Male,6781 Birch Lane,Detroit,MI,96364,"6781 Birch Lane, Detroit, MI 96364",2025-11-05 17:47:32
Diane,Lewis,Diane Lewis,dianelewis@gmail.com,(434) 645-2258,1986-11-29,39,Female,8396 Main Street,Nashville,TN,77979,"8396 Main Street, Nashville, TN 77979",2025-11-05 17:47:32
William,Ward,William Ward,william.ward@gmail.com,(626) 420-2887,1954-01-28,71,Male,6370 Colonial Drive,Anaheim,CA,90281,"6370 Colonial Drive, Anaheim, CA 90281",2025-11-05 17:47:32
Steven,Price,Steven Price,steven959@gmail.com,(516) 250-9786,1961-10-08,64,Male,436 Summit Avenue,San Jose,CA,46900,"436 Summit Avenue, San Jose, CA 46900",2025-11-05 17:47:32
Ruth,Hall,Ruth Hall,ruth_hall@gmail.com,(425) 959-9886,1978-11-15,47,Female,1520 Sunset Boulevard,Denver,CO,14819,"1520 Sunset Boulevard, Denver, CO 14819",2025-11-05 17:47:32
Virginia,Cooper,Virginia Cooper,virginia_cooper@gmail.com,(407) 693-1511,1981-07-24,44,Female,9877 Dogwood Lane,Austin,TX,37164,"9877 Dogwood Lane, Austin, TX 37164",2025-11-05 17:47:32
Richard,Martinez,Richard Martinez,richardmartinez@gmail.com,(972) 560-5147,1977-08-01,48,Male,3460 Park Road,Boston,MA,42490,"3460 Park Road, Boston, MA 42490",2025-11-05 17:47:32
Debra,Kim,Debra Kim,dkim@gmail.com,(903) 305-9413,1990-12-10,35,Female,9681 First Avenue,Oakland,CA,63424,"9681 First Avenue, Oakland, CA 63424",2025-11-05 17:47:32
Samuel,Gray,Samuel Gray,samuel.gray13@gmail.com,(215) 327-4547,1977-03-01,48,Male,3840 Cedar Lane,Las Vegas,NV,16695,"3840 Cedar Lane, Las Vegas, NV 16695",2025-11-05 17:47:32
Brenda,Peterson,Brenda Peterson,brendapeterson74@gmail.com,(517) 440-5572,1974-02-09,51,Female,8573 Cherry Street,Louisville,KY,29400,"8573 Cherry Street, Louisville, KY 29400",2025-11-05 17:47:32
Rebecca,Gonzalez,Rebecca Gonzalez,rebecca_gonzalez@gmail.com,(303) 549-3926,2002-01-06,23,Female,2139 Pine Street,Albuquerque,NM,26756,"2139 Pine Street, Albuquerque, NM 26756",2025-11-05 17:47:32
Sarah,Davis,Sarah Davis,sarah_davis@gmail.com,(603) 585-1131,1993-09-11,32,Female,1001 Washington Street,Denver,CO,38628,"1001 Washington Street, Denver, CO 38628",2025-11-05 17:47:32
William,Wright,William Wright,williamwright88@gmail.com,(765) 936-8320,1988-11-08,37,Male,7070 Lake View Drive,San Antonio,TX,72889,"7070 Lake View Drive, San Antonio, TX 72889",2025-11-05 17:47:32
Michelle,Ruiz,Michelle Ruiz,michelle.ruiz@gmail.com,(617) 999-9622,1967-11-01,58,Female,"5524 River Road, Apt 683",Arlington,TX,49214,"5524 River Road, Apt 683, Arlington, TX 49214",2025-11-05 17:47:32
Carol,Morgan,Carol Morgan,carol.morgan35@gmail.com,(270) 311-5807,1987-12-23,38,Female,8960 Walnut Street,Sacramento,CA,34300,"8960 Walnut Street, Sacramento, CA 34300",2025-11-05 17:47:32
Carolyn,Torres,Carolyn Torres,carolyn.torres@gmail.com,(217) 402-4025,1972-09-16,53,Female,2741 Birch Lane,San Antonio,TX,80510,"2741 Birch Lane, San Antonio, TX 80510",2025-11-05 17:47:32
Eric,Kim,Eric Kim,eric.kim20@gmail.com,(908) 423-4824,2000-07-07,25,Male,7357 Garden Street,Indianapolis,IN,20295,"7357 Garden Street, Indianapolis, IN 20295",2025-11-05 17:47:32
Mark,Smith,Mark Smith,marksmith87@gmail.com,(410) 987-6932,1987-05-19,38,Male,"7751 Madison Avenue, Apt 19",Miami,FL,16342,"7751 Madison Avenue, Apt 19, Miami, FL 16342",2025-11-05 17:47:32
Jacob,Ward,Jacob Ward,jacob_ward@gmail.com,(480) 909-3869,1955-04-24,70,Male,7560 Park Avenue,Columbus,OH,52073,"7560 Park Avenue, Columbus, OH 52073",2025-11-05 17:47:32
Michael,Brown,Michael Brown,mbrown@gmail.com,(313) 655-8068,1976-03-05,49,Male,9314 Summit Avenue,Fort Worth,TX,95097,"9314 Summit Avenue, Fort Worth, TX 95097",2025-11-05 17:47:32
Deborah,Davis,Deborah Davis,deborah_davis@gmail.com,(574) 457-6048,1970-10-11,55,Female,5651 Main Street,New York,NY,78649,"5651 Main Street, New York, NY 78649",2025-11-05 17:47:32
Christine,Campbell,Christine Campbell,christinec@gmail.com,(251) 403-1796,1979-07-13,46,Female,"613 Jefferson Street, Apt 826",Tampa,FL,12958,"613 Jefferson Street, Apt 826, Tampa, FL 12958",2025-11-05 17:47:32
Zachary,Cruz,Zachary Cruz,zacharycruz@gmail.com,(954) 389-4193,1971-01-15,54,Male,7116 Main Street,Boston,MA,10716,"7116 Main Street, Boston, MA 10716",2025-11-05 17:47:32
Michael,Gray,Michael Gray,michael.gray@gmail.com,(219) 782-5682,1957-10-19,68,Male,2411 Highland Avenue,Aurora,CO,97813,"2411 Highland Avenue, Aurora, CO 97813",2025-11-05 17:47:32
Thomas,Baker,Thomas Baker,thomasbaker89@gmail.com,(317) 589-2290,1989-03-20,36,Male,4065 Jefferson Street,Long Beach,CA,97241,"4065 Jefferson Street, Long Beach, CA 97241",2025-11-05 17:47:32
William,Sanchez,William Sanchez,william.sanchez@gmail.com,(254) 470-3937,1968-09-14,57,Male,1310 Third Avenue,Arlington,TX,83537,"1310 Third Avenue, Arlington, TX 83537",2025-11-05 17:47:32
Raymond,White,Raymond White,raymondwhite@gmail.com,(217) 351-7533,1997-08-22,28,Male,5468 Third Avenue,San Antonio,TX,44977,"5468 Third Avenue, San Antonio, TX 44977",2025-11-05 17:47:32
Shirley,Watson,Shirley Watson,shirleywatson59@gmail.com,(517) 452-3287,1959-11-19,66,Female,1883 Central Avenue,Arlington,TX,12554,"1883 Central Avenue, Arlington, TX 12554",2025-11-05 17:47:32
Rebecca,Cook,Rebecca Cook,rcook@gmail.com,(440) 974-5352,2003-03-19,22,Female,1622 Forest Drive,Riverside,CA,34690,"1622 Forest Drive, Riverside, CA 34690",2025-11-05 17:47:32
Debra,Myers,Debra Myers,debram@gmail.com,(320) 935-3536,1973-10-25,52,Female,"3978 Market Street, Apt 17",Charlotte,NC,72729,"3978 Market Street, Apt 17, Charlotte, NC 72729",2025-11-05 17:47:32
Nancy,Howard,Nancy Howard,nancy180@gmail.com,(219) 619-6206,1962-07-03,63,Female,718 Liberty Street,New York,NY,18404,"718 Liberty Street, New York, NY 18404",2025-11-05 17:47:32
Jennifer,Rivera,Jennifer Rivera,jennifer405@gmail.com,(574) 654-8085,1956-11-24,69,Female,3837 Lake View Drive,Milwaukee,WI,43295,"3837 Lake View Drive, Milwaukee, WI 43295",2025-11-05 17:47:32
Alexander,Hall,Alexander Hall,alexander.hall70@gmail.com,(217) 528-6746,1981-09-26,44,Male,9793 Elm Avenue,Kansas City,MO,80800,"9793 Elm Avenue, Kansas City, MO 80800",2025-11-05 17:47:32
Steven,Ramirez,Steven Ramirez,stevenramirez55@gmail.com,(718) 235-3314,1955-12-14,70,Male,5436 Dogwood Lane,Tucson,AZ,41737,"5436 Dogwood Lane, Tucson, AZ 41737",2025-11-05 17:47:32
Lisa,Myers,Lisa Myers,lisamyers92@gmail.com,(334) 859-5742,1992-01-03,33,Female,2510 Lake View Drive,Jacksonville,FL,75489,"2510 Lake View Drive, Jacksonville, FL 75489",2025-11-05 17:47:32
Michael,Lewis,Michael Lewis,michael.lewis18@gmail.com,(410) 991-6086,1951-09-29,74,Male,"5144 Washington Street, Apt 941",Raleigh,NC,19867,"5144 Washington Street, Apt 941, Raleigh, NC 19867",2025-11-05 17:47:32
Benjamin,Gutierrez,Benjamin Gutierrez,benjamin984@gmail.com,(315) 749-5317,2002-12-28,23,Male,"4847 Jefferson Street, Apt 799",Aurora,CO,81384,"4847 Jefferson Street, Apt 799, Aurora, CO 81384",2025-11-05 17:47:32
Nathan,Moore,Nathan Moore,nathanmoore@gmail.com,(330) 728-3998,2003-12-15,22,Male,"3778 Market Street, Apt 111",Santa Ana,CA,50435,"3778 Market Street, Apt 111, Santa Ana, CA 50435",2025-11-05 17:47:32
Mary,Torres,Mary Torres,mary402@gmail.com,(727) 619-3736,1958-07-27,67,Female,"4572 Cherry Street, Apt 75",Denver,CO,11247,"4572 Cherry Street, Apt 75, Denver, CO 11247",2025-11-05 17:47:32
Shirley,Lopez,Shirley Lopez,slopez@gmail.com,(570) 226-4017,1955-08-03,70,Female,"9671 Hill Road, Apt 110",Fort Worth,TX,52534,"9671 Hill Road, Apt 110, Fort Worth, TX 52534",2025-11-05 17:47:32
Jerry,Thomas,Jerry Thomas,jthomas@gmail.com,(781) 919-1127,1958-10-24,67,Male,"1594 Summit Avenue, Apt 583",Nashville,TN,86962,"1594 Summit Avenue, Apt 583, Nashville, TN 86962",2025-11-05 17:47:32
Amanda,Rodriguez,Amanda Rodriguez,amanda592@gmail.com,(504) 870-2869,1952-06-24,73,Female,3879 Lincoln Avenue,Sacramento,CA,51135,"3879 Lincoln Avenue, Sacramento, CA 51135",2025-11-05 17:47:32
Olivia,Lewis,Olivia Lewis,olivia_lewis@gmail.com,(858) 971-5012,1993-04-20,32,Female,6266 Cherry Street,Mesa,AZ,92158,"6266 Cherry Street, Mesa, AZ 92158",2025-11-05 17:47:32
Ronald,Sanders,Ronald Sanders,ronalds@gmail.com,(305) 517-1251,1951-01-13,74,Male,1461 Birch Lane,San Diego,CA,99561,"1461 Birch Lane, San Diego, CA 99561",2025-11-05 17:47:32
Jeffrey,Hill,Jeffrey Hill,jeffreyh@gmail.com,(754) 220-9114,1957-08-12,68,Male,1682 River Road,Charlotte,NC,55022,"1682 River Road, Charlotte, NC 55022",2025-11-05 17:47:32
Thomas,Brooks,Thomas Brooks,thomasbrooks76@gmail.com,(660) 882-5285,1976-02-14,49,Male,"2247 Colonial Drive, Apt 875",New York,NY,76792,"2247 Colonial Drive, Apt 875, New York, NY 76792",2025-11-05 17:47:32
Carol,Hughes,Carol Hughes,carol.hughes@gmail.com,(727) 424-8767,1994-12-29,31,Female,4458 Cedar Lane,Oakland,CA,47347,"4458 Cedar Lane, Oakland, CA 47347",2025-11-05 17:47:32
John,Sanchez,John Sanchez,john.sanchez83@gmail.com,(717) 348-1951,1955-02-07,70,Male,6962 Liberty Street,Atlanta,GA,23359,"6962 Liberty Street, Atlanta, GA 23359",2025-11-05 17:47:32
Ryan,Bailey,Ryan Bailey,ryan_bailey@gmail.com,(505) 840-3915,1985-07-31,40,Male,"3437 Walnut Street, Apt 160",Santa Ana,CA,21179,"3437 Walnut Street, Apt 160, Santa Ana, CA 21179",2025-11-05 17:47:32
Jessica,Walker,Jessica Walker,jessicaw@gmail.com,(719) 713-2212,1969-07-01,56,Female,"3868 Union Street, Apt 278",Minneapolis,MN,81045,"3868 Union Street, Apt 278, Minneapolis, MN 81045",2025-11-05 17:47:32
Patricia,Rogers,Patricia Rogers,patriciar@gmail.com,(513) 710-5685,1958-06-29,67,Female,"2294 Market Street, Apt 519",Arlington,TX,93764,"2294 Market Street, Apt 519, Arlington, TX 93764",2025-11-05 17:47:32
Ashley,Scott,Ashley Scott,ashley.scott@gmail.com,(269) 204-6208,1960-04-14,65,Female,"5002 Garden Street, Apt 102",Philadelphia,PA,38491,"5002 Garden Street, Apt 102, Philadelphia, PA 38491",2025-11-05 17:47:32
Virginia,Mendoza,Virginia Mendoza,virginia.mendoza@gmail.com,(959) 515-6204,2002-05-22,23,Female,"3204 Liberty Street, Apt 223",Detroit,MI,32096,"3204 Liberty Street, Apt 223, Detroit, MI 32096",2025-11-05 17:47:32
Justin,Taylor,Justin Taylor,jtaylor@gmail.com,(269) 397-5896,1970-07-09,55,Male,"7728 Washington Street, Apt 823",Fresno,CA,60067,"7728 Washington Street, Apt 823, Fresno, CA 60067",2025-11-05 17:47:32
Robert,Sanchez,Robert Sanchez,robertsanchez@gmail.com,(904) 950-9980,1980-12-09,45,Male,1789 Market Street,Boston,MA,35755,"1789 Market Street, Boston, MA 35755",2025-11-05 17:47:32
Barbara,Perez,Barbara Perez,barbarap@gmail.com,(606) 976-1053,1953-05-15,72,Female,1177 College Avenue,Louisville,KY,36966,"1177 College Avenue, Louisville, KY 36966",2025-11-05 17:47:32
Karen,Taylor,Karen Taylor,karen.taylor35@gmail.com,(860) 486-1282,1994-03-30,31,Female,"7112 Garden Street, Apt 750",San Antonio,TX,81005,"7112 Garden Street, Apt 750, San Antonio, TX 81005",2025-11-05 17:47:32
Mark,Brown,Mark Brown,mark_brown@gmail.com,(650) 374-9362,1964-03-27,61,Male,"3073 Walnut Street, Apt 457",Aurora,CO,48314,"3073 Walnut Street, Apt 457, Aurora, CO 48314",2025-11-05 17:47:32
John,Morris,John Morris,john.morris82@gmail.com,(859) 841-7746,1969-04-12,56,Male,"1855 Cedar Lane, Apt 379",Raleigh,NC,91760,"1855 Cedar Lane, Apt 379, Raleigh, NC 91760",2025-11-05 17:47:32
Gregory,Wilson,Gregory Wilson,gregory.wilson@gmail.com,(213) 651-2245,1992-01-03,33,Male,"8164 Dogwood Lane, Apt 57",Milwaukee,WI,54944,"8164 Dogwood Lane, Apt 57, Milwaukee, WI 54944",2025-11-05 17:47:32
Benjamin,Kim,Benjamin Kim,benjamin.kim@gmail.com,(817) 307-7224,1962-02-21,63,Male,3893 Park Road,Detroit,MI,91959,"3893 Park Road, Detroit, MI 91959",2025-11-05 17:47:32
Raymond,Ortiz,Raymond Ortiz,rortiz@gmail.com,(816) 893-4782,1976-09-05,49,Male,4621 Walnut Street,Baltimore,MD,30534,"4621 Walnut Street, Baltimore, MD 30534",2025-11-05 17:47:32
Anna,Campbell,Anna Campbell,annacampbell@gmail.com,(563) 274-1693,1988-01-10,37,Female,1933 Hill Road,Phoenix,AZ,13442,"1933 Hill Road, Phoenix, AZ 13442",2025-11-05 17:47:32
Ruth,Ward,Ruth Ward,ruth308@gmail.com,(971) 676-3948,1951-11-24,74,Female,"846 Garden Street, Apt 172",Jacksonville,FL,34765,"846 Garden Street, Apt 172, Jacksonville, FL 34765",2025-11-05 17:47:32
Anna,Chavez,Anna Chavez,annachavez@gmail.com,(516) 923-9702,1956-07-06,69,Female,810 Grove Avenue,Minneapolis,MN,86066,"810 Grove Avenue, Minneapolis, MN 86066",2025-11-05 17:47:32
Brenda,King,Brenda King,brendaking77@gmail.com,(641) 479-1307,1977-07-14,48,Female,"2113 Washington Street, Apt 739",Indianapolis,IN,34930,"2113 Washington Street, Apt 739, Indianapolis, IN 34930",2025-11-05 17:47:32
Joyce,Gonzalez,Joyce Gonzalez,joycegonzalez91@gmail.com,(808) 619-7717,1991-02-19,34,Female,"9316 State Street, Apt 534",Denver,CO,31478,"9316 State Street, Apt 534, Denver, CO 31478",2025-11-05 17:47:32
Sarah,Hill,Sarah Hill,sarahhill@gmail.com,(765) 390-6653,1959-12-04,66,Female,"1350 College Avenue, Apt 974",Phoenix,AZ,63002,"1350 College Avenue, Apt 974, Phoenix, AZ 63002",2025-11-05 17:47:32
Kimberly,Clark,Kimberly Clark,kimberlyc@gmail.com,(330) 749-7502,1952-09-04,73,Female,5647 Willow Drive,Detroit,MI,86805,"5647 Willow Drive, Detroit, MI 86805",2025-11-05 17:47:32
Robert,Sanders,Robert Sanders,robertsanders@gmail.com,(276) 963-5293,1963-09-18,62,Male,"5532 Main Street, Apt 95",Chicago,IL,28850,"5532 Main Street, Apt 95, Chicago, IL 28850",2025-11-05 17:47:32
Susan,Turner,Susan Turner,susan.turner@gmail.com,(303) 880-6921,1964-10-24,61,Female,"9642 Ridge Road, Apt 112",Seattle,WA,74010,"9642 Ridge Road, Apt 112, Seattle, WA 74010",2025-11-05 17:47:32
Cynthia,Perez,Cynthia Perez,cynthiaperez@gmail.com,(619) 651-2201,1980-05-04,45,Female,5879 Elm Avenue,Boston,MA,71320,"5879 Elm Avenue, Boston, MA 71320",2025-11-05 17:47:32
Catherine,Reed,Catherine Reed,catherinereed61@gmail.com,(423) 398-5629,1961-06-04,64,Female,8102 School Street,Mesa,AZ,81197,"8102 School Street, Mesa, AZ 81197",2025-11-05 17:47:32
Brenda,Watson,Brenda Watson,bwatson@gmail.com,(781) 684-1848,1999-03-06,26,Female,2083 Main Street,Fresno,CA,87215,"2083 Main Street, Fresno, CA 87215",2025-11-05 17:47:32
Zachary,Sanders,Zachary Sanders,zacharysanders@gmail.com,(931) 712-7078,1991-09-22,34,Male,"9112 Ridge Road, Apt 608",Memphis,TN,80921,"9112 Ridge Road, Apt 608, Memphis, TN 80921",2025-11-05 17:47:32
David,Allen,David Allen,david_allen@gmail.com,(708) 438-2301,1978-12-09,47,Male,371 Heritage Way,Sacramento,CA,57792,"371 Heritage Way, Sacramento, CA 57792",2025-11-05 17:47:32
Shirley,Adams,Shirley Adams,shirley920@gmail.com,(319) 665-4788,1995-09-12,30,Female,8423 Highland Avenue,Long Beach,CA,39844,"8423 Highland Avenue, Long Beach, CA 39844",2025-11-05 17:47:32
Emily,Cruz,Emily Cruz,emilycruz57@gmail.com,(603) 322-2844,1957-11-13,68,Female,7890 School Street,Mesa,AZ,75927,"7890 School Street, Mesa, AZ 75927",2025-11-05 17:47:32
Michelle,Hughes,Michelle Hughes,michelle.hughes@gmail.com,(803) 889-6245,2002-11-27,23,Female,7042 Garden Street,Santa Ana,CA,60083,"7042 Garden Street, Santa Ana, CA 60083",2025-11-05 17:47:32
Brandon,Lee,Brandon Lee,blee@gmail.com,(706) 384-1171,1955-04-03,70,Male,8608 College Avenue,Virginia Beach,VA,75303,"8608 College Avenue, Virginia Beach, VA 75303",2025-11-05 17:47:32
Michelle,Gray,Michelle Gray,michellegray@gmail.com,(626) 316-9562,2000-08-12,25,Female,669 School Street,Fresno,CA,57537,"669 School Street, Fresno, CA 57537",2025-11-05 17:47:32
Brandon,Jones,Brandon Jones,brandon.jones@gmail.com,(316) 527-2682,2002-05-23,23,Male,2290 Mill Road,Oakland,CA,13231,"2290 Mill Road, Oakland, CA 13231",2025-11-05 17:47:32
Anna,Johnson,Anna Johnson,anna196@gmail.com,(276) 675-1353,1991-08-23,34,Female,879 Willow Drive,Phoenix,AZ,85632,"879 Willow Drive, Phoenix, AZ 85632",2025-11-05 17:47:32
Christopher,Rogers,Christopher Rogers,christopher276@gmail.com,(920) 336-4288,1996-09-14,29,Male,5842 Willow Drive,Fresno,CA,87170,"5842 Willow Drive, Fresno, CA 87170",2025-11-05 17:47:32
Sandra,Mendoza,Sandra Mendoza,sandra_mendoza@gmail.com,(563) 975-7453,1976-11-06,49,Female,"8535 Elm Avenue, Apt 626",San Diego,CA,79091,"8535 Elm Avenue, Apt 626, San Diego, CA 79091",2025-11-05 17:47:32
Jacob,Taylor,Jacob Taylor,jacob.taylor@gmail.com,(573) 777-4452,2002-12-27,23,Male,"7708 Central Avenue, Apt 305",San Francisco,CA,83881,"7708 Central Avenue, Apt 305, San Francisco, CA 83881",2025-11-05 17:47:32
Raymond,Reyes,Raymond Reyes,raymond.reyes57@gmail.com,(513) 777-9607,1964-09-21,61,Male,8064 Grove Avenue,Chicago,IL,63494,"8064 Grove Avenue, Chicago, IL 63494",2025-11-05 17:47:32
Dorothy,Ward,Dorothy Ward,dorothy473@gmail.com,(715) 546-7546,2007-02-23,18,Female,1165 Garden Street,Colorado Springs,CO,47141,"1165 Garden Street, Colorado Springs, CO 47141",2025-11-05 17:47:32
Debra,Lewis,Debra Lewis,debra792@gmail.com,(561) 575-6098,2006-07-17,19,Female,9611 Lake View Drive,Tucson,AZ,75441,"9611 Lake View Drive, Tucson, AZ 75441",2025-11-05 17:47:32
Daniel,Walker,Daniel Walker,daniel_walker@gmail.com,(951) 414-3935,1978-04-20,47,Male,"1462 Forest Drive, Apt 292",Santa Ana,CA,91018,"1462 Forest Drive, Apt 292, Santa Ana, CA 91018",2025-11-05 17:47:32
Donna,Kelly,Donna Kelly,donnakelly88@gmail.com,(704) 789-3560,1988-05-01,37,Female,"9191 River Road, Apt 753",Jacksonville,FL,88881,"9191 River Road, Apt 753, Jacksonville, FL 88881",2025-11-05 17:47:32
Maria,Lewis,Maria Lewis,mlewis@gmail.com,(310) 697-7603,1970-05-21,55,Female,"7219 Cedar Lane, Apt 357",Los Angeles,CA,68780,"7219 Cedar Lane, Apt 357, Los Angeles, CA 68780",2025-11-05 17:47:32
Jose,Green,Jose Green,jgreen@gmail.com,(413) 711-3830,1951-05-05,74,Male,8104 Second Street,Chicago,IL,52068,"8104 Second Street, Chicago, IL 52068",2025-11-05 17:47:32
Christine,Gutierrez,Christine Gutierrez,christinegutierrez74@gmail.com,(318) 594-8579,1974-08-01,51,Female,3580 Mill Road,Kansas City,MO,56558,"3580 Mill Road, Kansas City, MO 56558",2025-11-05 17:47:32
Jose,Clark,Jose Clark,jose.clark60@gmail.com,(781) 897-8896,1969-08-14,56,Male,6087 Lincoln Avenue,Miami,FL,70467,"6087 Lincoln Avenue, Miami, FL 70467",2025-11-05 17:47:32
Jerry,Rogers,Jerry Rogers,jerry419@gmail.com,(610) 269-8282,2004-10-25,21,Male,"136 Chestnut Street, Apt 764",Phoenix,AZ,52983,"136 Chestnut Street, Apt 764, Phoenix, AZ 52983",2025-11-05 17:47:32
Anthony,Richardson,Anthony Richardson,anthonyr@gmail.com,(940) 341-3531,1963-05-20,62,Male,1853 Maple Drive,Denver,CO,24890,"1853 Maple Drive, Denver, CO 24890",2025-11-05 17:47:32
Debra,Scott,Debra Scott,debrascott52@gmail.com,(972) 413-2018,1952-03-20,73,Female,"6653 Colonial Drive, Apt 163",Aurora,CO,71394,"6653 Colonial Drive, Apt 163, Aurora, CO 71394",2025-11-05 17:47:32
Joyce,Ramirez,Joyce Ramirez,jramirez@gmail.com,(214) 433-3539,1965-12-26,60,Female,6229 Chestnut Street,Detroit,MI,36078,"6229 Chestnut Street, Detroit, MI 36078",2025-11-05 17:47:32
Kimberly,Wood,Kimberly Wood,kimberly.wood@gmail.com,(915) 627-4346,1953-04-05,72,Female,"3429 State Street, Apt 92",Las Vegas,NV,71353,"3429 State Street, Apt 92, Las Vegas, NV 71353",2025-11-05 17:47:32
Laura,Turner,Laura Turner,lauraturner74@gmail.com,(603) 284-4926,1974-11-01,51,Female,4835 Pine Street,San Jose,CA,98757,"4835 Pine Street, San Jose, CA 98757",2025-11-05 17:47:32
Kevin,Jackson,Kevin Jackson,kjackson@gmail.com,(270) 414-5284,1997-12-03,28,Male,6708 Forest Drive,Seattle,WA,79753,"6708 Forest Drive, Seattle, WA 79753",2025-11-05 17:47:32
James,Rivera,James Rivera,jamesrivera97@gmail.com,(225) 584-4419,1997-04-03,28,Male,"9633 Sunset Boulevard, Apt 939",Portland,OR,83886,"9633 Sunset Boulevard, Apt 939, Portland, OR 83886",2025-11-05 17:47:32
Amanda,Roberts,Amanda Roberts,amanda.roberts@gmail.com,(470) 945-5332,1988-03-17,37,Female,9054 Madison Avenue,Chicago,IL,14582,"9054 Madison Avenue, Chicago, IL 14582",2025-11-05 17:47:32
Mary,Cox,Mary Cox,marycox@gmail.com,(407) 384-7788,1979-06-12,46,Female,1818 Ridge Road,San Francisco,CA,49889,"1818 Ridge Road, San Francisco, CA 49889",2025-11-05 17:47:32
Brian,King,Brian King,brian.king87@gmail.com,(551) 274-5518,1997-02-01,28,Male,"3595 Forest Drive, Apt 403",Tampa,FL,23520,"3595 Forest Drive, Apt 403, Tampa, FL 23520",2025-11-05 17:47:32
Adam,Alvarez,Adam Alvarez,adama@gmail.com,(662) 583-5670,1972-12-06,53,Male,8069 Summit Avenue,Las Vegas,NV,16945,"8069 Summit Avenue, Las Vegas, NV 16945",2025-11-05 17:47:32
Virginia,Ramirez,Virginia Ramirez,virginia.ramirez@gmail.com,(430) 630-6305,1983-02-18,42,Female,3124 Garden Street,Boston,MA,28952,"3124 Garden Street, Boston, MA 28952",2025-11-05 17:47:32
Sharon,Stewart,Sharon Stewart,sstewart@gmail.com,(251) 781-8069,1952-08-29,73,Female,"9382 Lake View Drive, Apt 24",Baltimore,MD,14435,"9382 Lake View Drive, Apt 24, Baltimore, MD 14435",2025-11-05 17:47:32
Alexander,Peterson,Alexander Peterson,alexander.peterson@gmail.com,(667) 700-4002,1951-10-25,74,Male,5458 Washington Street,Jacksonville,FL,87588,"5458 Washington Street, Jacksonville, FL 87588",2025-11-05 17:47:32
Christine,Martin,Christine Martin,christine_martin@gmail.com,(678) 802-6769,2000-09-02,25,Female,"6010 School Street, Apt 322",Aurora,CO,71909,"6010 School Street, Apt 322, Aurora, CO 71909",2025-11-05 17:47:32
John,Richardson,John Richardson,john.richardson4@gmail.com,(682) 603-1715,1997-02-12,28,Male,1997 Mill Road,Baltimore,MD,90666,"1997 Mill Road, Baltimore, MD 90666",2025-11-05 17:47:32
Nicholas,Adams,Nicholas Adams,nicholasadams@gmail.com,(443) 655-7740,1972-03-08,53,Male,6214 Mill Road,Dallas,TX,71676,"6214 Mill Road, Dallas, TX 71676",2025-11-05 17:47:32
Olivia,Davis,Olivia Davis,olivia_davis@gmail.com,(401) 756-6797,1969-10-20,56,Female,8220 Market Street,Boston,MA,63555,"8220 Market Street, Boston, MA 63555",2025-11-05 17:47:32
Carol,Perez,Carol Perez,carolperez78@gmail.com,(336) 319-5108,1978-06-16,47,Female,262 Colonial Drive,San Antonio,TX,71718,"262 Colonial Drive, San Antonio, TX 71718",2025-11-05 17:47:32
Amanda,Allen,Amanda Allen,amanda.allen@gmail.com,(314) 356-4428,1978-05-27,47,Female,"8976 Colonial Drive, Apt 792",Raleigh,NC,23348,"8976 Colonial Drive, Apt 792, Raleigh, NC 23348",2025-11-05 17:47:32
Samuel,Kim,Samuel Kim,samuel.kim@gmail.com,(828) 577-8382,1950-08-23,75,Male,"1143 Mill Road, Apt 282",Miami,FL,56233,"1143 Mill Road, Apt 282, Miami, FL 56233",2025-11-05 17:47:32
